{"users":[{"password":"password1","type":"admin","username":"user1"},{"password":"password2","type":"member","username":"user2"},{"password":"123344","type":"member","username":"niggaurus"},{"password":"123344","type":"member","username":"niggaurus"},{"password":"otens","type":"member","username":"niggasaurus"},{"password":"123","type":"member","username":"niga"},{"password":"123","type":"member","username":"niggaga"},{"password":"SALIBAY","type":"member","username":"REX"},{"password":"123","type":"member","username":"rex"},{"password":"123","type":"member","username":"rex"},{"password":"123","type":"member","username":"rex"},{"password":"8","type":"member","username":"rex"},{"password":"123","type":"member","username":"rex1"},{"password":"rex2","type":"member","username":"rex2"},{"password":"new1","type":"member","username":"new1"},{"password":"123","type":"member","username":"hi1"},{"password":"123","type":"member","username":"hi1"}]}