<?xml version="1.0" encoding="UTF-8"?>
<project-private xmlns="http://www.netbeans.org/ns/project-private/1">
    <editor-bookmarks xmlns="http://www.netbeans.org/ns/editor-bookmarks/2" lastBookmarkId="0"/>
    <open-files xmlns="http://www.netbeans.org/ns/projectui-open-files/2">
        <group>
            <file>file:/C:/Users/REX_F/Documents/NetBeansProjects/Salibay_AT4/src/Login.java</file>
            <file>file:/C:/Users/REX_F/Documents/NetBeansProjects/Salibay_AT4/src/Data.json</file>
            <file>file:/C:/Users/REX_F/Documents/NetBeansProjects/Salibay_AT4/src/Add.java</file>
            <file>file:/C:/Users/REX_F/Documents/NetBeansProjects/Salibay_AT4/src/Update.java</file>
            <file>file:/C:/Users/REX_F/Documents/NetBeansProjects/Salibay_AT4/src/Delete.java</file>
            <file>file:/C:/Users/REX_F/Documents/NetBeansProjects/Salibay_AT4/src/Dashboard.java</file>
        </group>
    </open-files>
</project-private>
